t,P,Q
0.0,40.0,9.0
0.05,40.33171209952035,9.707415211947787
0.1,40.51594318971663,10.480621131510713
0.15000000000000002,40.5372667817094,11.319827338968418
0.2,40.38224270119744,12.223212348726461
0.25,40.04042863698609,13.186438177168473
0.30000000000000004,39.50542284398309,14.202219002473091
0.35000000000000003,38.77583336530183,15.260014972058183
0.4,37.85604572804857,16.34592926606919
0.45,36.7566550568042,17.442879843002107
0.5,35.494448110180194,18.53109284321363
0.55,34.091869096393836,19.58892250107176
0.6000000000000001,32.57597531745109,20.59394858331635
0.65,30.976970870169357,21.524248420456882
0.7000000000000001,29.32647906401887,22.359700819418595
0.75,27.65575764988388,23.08316561741007
0.8,25.99406374837873,23.68140040573587
0.8500000000000001,24.367337951801154,24.14562074029169
0.9,22.79731148154247,24.47166988605345
0.9500000000000001,21.30106508884048,24.659823543751713
1.0,19.89100176602721,24.71430098167173
1.05,18.575149501201462,24.642579335338695
1.1,17.357689321833583,24.45461207018844
1.1500000000000001,16.23960478279622,24.162040355664207
1.2000000000000002,15.219364922532,23.77746432698447
1.25,14.29357578026694,23.31381664121173
1.3,13.457559460387104,22.783858319194852
1.35,12.705840375801673,22.199799322904084
1.4000000000000001,12.032533864015237,21.573034441851252
1.4500000000000002,11.431642658346007,20.913978364153255
1.5,10.897272470513283,20.231981166084704
1.55,10.423780329971883,19.535305600958086
1.6,10.005869458545224,18.831149375974416
1.6500000000000001,9.638643274287816,18.125698207454864
1.7000000000000002,9.317629305171842,17.424198248760465
1.75,9.038781806496438,16.731039133442764
1.8,8.798469984712746,16.04984118549712
1.85,8.593457070272729,15.383542252872026
1.9000000000000001,8.420874102170611,14.734481124161922
1.9500000000000002,8.278191185057034,14.104475633443597
2.0,8.16318812781137,13.494894401537163
2.0500000000000003,8.073925731264746,12.906721762740634
2.1,8.008718521936544,12.340615838600412
2.15,7.966109391086736,11.796959990931176
2.2,7.944846362389824,11.275908052860727
2.25,7.943861551237995,10.777423828829711
2.3000000000000003,7.962252273677948,10.301315394899936
2.35,7.999264197592962,9.847264736337419
2.4000000000000004,8.054276391151385,9.414853242594251
2.45,8.126788105023007,9.003583549356515
2.5,8.21640711906128,8.612898179442931
2.5500000000000003,8.322839486508025,8.242195393259559
2.6,8.445880516083902,7.890842618043577
2.6500000000000004,8.585406842351627,7.558187785049901
2.7,8.741369445959235,7.243568866218478
2.75,8.913787496775042,6.946321867285248
2.8000000000000003,9.102742903858324,6.665787503012012
2.85,9.30837546626071,6.401316752239442
2.9000000000000004,9.530878527580935,6.152275465707532
2.95,9.770495044867472,5.91804817785455
3.0,10.027513988816512,5.698041254874295
3.0500000000000003,10.302266997224146,5.491685494943104
3.1,10.595125207318498,5.298438282485992
3.1500000000000004,10.906496194923223,5.1177853864116445
3.2,11.236820949387154,4.949242482204525
3.25,11.586570812843496,4.7923564694372125
3.3000000000000003,11.956244310607415,4.646706649499734
3.35,12.346363796334062,4.511905823001952
3.4000000000000004,12.757471830868372,4.3876013622807495
3.45,13.190127207426297,4.273476311649219
3.5,13.644900527730472,4.169250566395256
3.5500000000000003,14.12236922382987,4.074682181025869
3.6,14.623111908382656,3.989568857832677
3.6500000000000004,15.14770192196684,3.9137496685086397
3.7,15.696699929272539,3.847107064271482
3.75,16.27064539657216,3.7895692337451865
3.8000000000000003,16.870046760400562,3.7411128727133143
3.85,17.495370071653483,3.701766435767794
3.9000000000000004,18.147025870108155,3.6716139467838036
3.95,18.82535401153387,3.6507994529505896
4.0,19.530606133067028,3.639532215587205
4.05,20.262925402557386,3.638092739845055
4.1000000000000005,21.02232315465713,3.646839754121293
4.15,21.80865197151972,3.666218257765933
4.2,22.62157472082031,3.696768761238088
4.25,23.460529021162085,3.7391378444539067
4.3,24.324686569021406,3.794090154074332
4.3500000000000005,25.212906738483817,3.8625219452219586
4.4,26.12368386420673,3.9454762424520236
4.45,27.055087652151936,4.0441596416714924
4.5,28.004696249460228,4.159960689566876
4.55,28.96952166856881,4.294469647334279
4.6000000000000005,29.945927533430577,4.449499254746578
4.65,30.92953953912536,4.62710583825096
4.7,31.915149642596198,4.829609727896461
4.75,32.896615894902574,5.059613433734069
4.800000000000001,33.86676105640516,5.320015352531326
4.8500000000000005,34.817274781096,5.614015902652479
4.9,35.7386262817113,5.945111902357504
4.95,36.619997030446044,6.317073723076969
5.0,37.4492461843877,6.733898318922554
5.050000000000001,38.21292490963934,7.1997297867758885
5.1000000000000005,38.896359292189814,7.7187378903201
5.15,39.48382448671397,8.294944381065408
5.2,39.9588342550932,8.931987546149054
5.25,40.30456880931571,9.632817960372936
5.300000000000001,40.504458324055015,10.399323776481383
5.3500000000000005,40.54292798435481,11.231892828499696
5.4,40.406291758671394,12.128931707093198
5.45,40.083756163455966,13.086378262509001
5.5,39.56846408146055,14.097261762632481
5.550000000000001,38.85847696447827,15.151380502971932
5.6000000000000005,37.95756911239047,16.235174797713917
5.65,36.87569952770856,17.33186822028539
5.7,35.62904355776371,18.42192739347602
5.75,34.23951204401919,19.483850126808328
5.800000000000001,32.733755969934,20.49523860339753
5.8500000000000005,31.1417366083079,21.434059739755217
5.9,29.49501553102652,22.27995299933343
5.95,27.824965920363816,23.015429377604764
6.0,26.161113726365787,23.626819914500206
6.050000000000001,24.5297834896714,24.104874590944526
6.1000000000000005,22.95316011946289,24.444971369857498
6.15,21.448802807496893,24.646955246535395
6.2,20.029579085238588,24.714674950416132
6.25,18.703938771134023,24.655312496745726
6.300000000000001,17.47642408980225,24.47860700995549
6.3500000000000005,16.34831121404801,24.196063362033637
6.4,15.318293195344205,23.820215035311673
6.45,14.383136913165549,23.363986070803794
6.5,13.5382707091007,22.840174169660695
6.550000000000001,12.77828046334817,22.261058916259486
6.6000000000000005,12.097307978254385,21.638126648276252
6.65,11.48935633228647,20.98189632171469
6.7,10.948513049869067,20.30182772460167
6.75,10.469104610933071,19.60629331278312
6.800000000000001,10.045796138937478,18.90259662508289
6.8500000000000005,9.673649019368307,18.19702278777772
6.9,9.348147426735999,17.49490942150833
6.95,9.06520275403156,16.800728938511728
7.0,8.821143029735351,16.11817556625551
7.050000000000001,8.612692720630951,15.450252379512138
7.1000000000000005,8.436946909841929,14.79935516574812
7.15,8.291342710559416,14.167351127587706
7.2,8.173629900330482,13.555651297250693
7.25,8.081842100107055,12.965276160603329
7.300000000000001,8.014269335943522,12.39691441778044
7.3500000000000005,7.969432471717812,11.850975090489756
7.4,7.946059756244481,11.327633361731994
7.45,7.943065561200408,10.82687063221909
7.5,7.959531276467941,10.348509322578133
7.550000000000001,7.994688260692517,9.892242958935906
7.6000000000000005,8.04790270488919,9.457662064456885
7.65,8.118662246805828,9.044276350009179
7.7,8.206564166893079,8.651533659781865
7.75,8.311304998428882,8.278836086773573
7.800000000000001,8.432671391266627,7.9255536315442
7.8500000000000005,8.570532078503776,7.591035737342626
7.9,8.72483080652024,7.274620996824938
7.95,8.89558010025629,6.975645290679203
8.0,9.082855746601961,6.693448586848094
8.05,9.286791888923442,6.427380600736895
8.1,9.507576634800785,6.176805491716813
8.15,9.745448086854049,5.941105749203619
8.200000000000001,10.000690713023051,5.719685402387504
8.25,10.273631977813354,5.511972671073126
8.3,10.564639159824102,5.317422160821621
8.35,10.874116283334615,5.135516693443566
8.4,11.202501092846276,4.96576885366687
8.450000000000001,11.550261999243041,4.807722324312214
8.5,11.91789492462121,4.660953075390973
8.55,12.305919969800197,4.525070467060893
8.6,12.714877823991554,4.399718322221447
8.65,13.145325829979122,4.284576021615118
8.700000000000001,13.59783361032757,4.179359672555484
8.75,14.072978150440912,4.083823401780208
8.8,14.571338222559499,3.997760823396684
8.85,15.093488020808714,3.9210067344341217
8.9,15.639989860965832,3.8534390931328915
8.950000000000001,16.211385779443717,3.7949813387895173
9.0,16.808187843842077,3.7456051167306255
9.05,17.430866962034052,3.7053334777945945
9.1,18.079839947912323,3.674244628509317
9.15,18.75545456945434,3.652476315870357
9.200000000000001,19.457972268639196,3.6402309390642094
9.25,20.187548203116133,3.6377814893363802
9.3,20.944208216854364,3.6454784279727397
9.35,21.72782230223466,3.663757620266588
9.4,22.538074070808204,3.693149449208475
9.450000000000001,23.37442570688303,3.7342892347292294
9.5,24.236077841258968,3.787929080145354
9.55,25.121923757854663,3.8549512534425006
9.600000000000001,26.030497342405482,3.936383182213362
9.65,26.95991421226609,4.033414090597667
9.700000000000001,27.90780554686149,4.147413225196628
9.75,28.871244292956707,4.279949492363318
9.8,29.846663678910442,4.432812145550283
9.850000000000001,30.82976837805757,4.608031898378443
9.9,31.81543926455386,4.8079014722398075
9.950000000000001,32.797633567559735,5.0349940881642885
10.0,33.76928342295912,5.292177751002163
10.05,34.72219742140067,5.58262232156333
10.100000000000001,35.646971825803824,5.909795311147763
10.15,36.53292072204067,6.277441068058972
10.200000000000001,37.368037455094964,6.6895366058573495
10.25,38.13900316336324,7.150215869039019
10.3,38.83126175633063,7.663652972850482
10.350000000000001,39.42918373523799,8.233894267734485
10.4,39.91634295706193,8.864629522815719
10.450000000000001,40.27592954998986,9.558894834664784
10.5,40.491317152167525,10.318704900952524
10.55,40.546791815755256,11.144620849879125
10.600000000000001,40.428431999078846,12.035272306235827
10.65,40.1251038311043,12.986868386969032
10.700000000000001,39.62950499710342,13.992750079111808
10.75,38.93915861336521,15.043052462362258
10.8,38.05723268933371,16.124554389785995
10.850000000000001,36.993050490725096,17.22078975462069
10.9,35.762171024653505,18.31247377862176
10.950000000000001,34.38596149165219,19.37825893230613
11.0,32.890651763943836,20.39578285593438
11.05,31.305942585514483,21.342915593279915
11.100000000000001,29.663315273959576,22.19906967659509
11.15,27.994241287981776,22.946417066518027
11.200000000000001,26.32850143178828,23.57086842270316
11.25,24.692794549176654,24.06271027331291
11.3,23.1097542861222,24.416853567471207
11.350000000000001,21.597417672096196,24.632707760809243
11.4,20.169119678430338,24.713744081832896
11.450000000000001,18.833737275406897,24.666841390035735
11.5,17.596180539784847,24.501516296786903
11.55,16.45802532128568,24.229129782131835
11.600000000000001,15.418195455924941,23.862142116660696
11.65,14.473624706047103,23.413463424068137
11.700000000000001,13.619852740627918,22.895924077800228
11.75,12.851530986661722,22.321870478439756
11.8,12.162830831964204,21.7028787433789
11.850000000000001,11.54775797607866,21.049571172183626
11.9,11.00038332800394,20.371516990976033
11.950000000000001,10.515003829000074,19.677198559717787
12.0,10.086247085292579,18.974025776941605
12.05,9.709132713913123,18.268383913788202
12.100000000000001,9.379101575135222,17.56570290781129
12.15,9.092022086414962,16.870538846327022
12.200000000000001,8.844180887683725,16.186660755411637
12.25,8.632263414784903,15.517137798304331
12.3,8.453328500113924,14.864423569292873
12.350000000000001,8.304779963124156,14.230435382484174
12.4,8.184337253758049,13.616627354435417
12.450000000000001,8.090006531295138,13.024056724898674
12.5,8.020053058928294,12.453443306541857
12.55,7.972975432581769,11.905222250559104
12.600000000000001,7.947481908197903,11.379590500078093
12.65,7.942468917907667,10.876547408453163
12.700000000000001,7.957001750707391,10.395930048897503
12.75,7.990297300917132,9.937443753439952
12.8,8.041708745269707,9.500688406082888
12.850000000000001,8.110711987678927,9.085180986763232
12.9,8.196893702775737,8.690374825943524
12.950000000000001,8.299940810303985,8.315675988962056
13.0,8.419631218979793,7.96045716770618
13.05,8.55582568803443,7.624069416705633
13.100000000000001,8.70846066573431,7.30585203256811
13.15,8.877541975601577,7.0051408404599655
13.200000000000001,9.063139232126295,6.721275119373552
13.25,9.26538087801482,6.45360336928518
13.3,9.48444974418753,6.201488097910535
13.350000000000001,9.720579041672135,5.964309782435541
13.4,9.97404870116161,5.741470142121165
13.450000000000001,10.24518198128948,5.532394840812707
13.5,10.534342270614054,5.336535723889585
13.55,10.84193001090037,5.153372681843462
13.600000000000001,11.168379670544232,4.982415222262146
13.65,11.514156696887474,4.823203823337559
13.700000000000001,11.879754374702316,4.675311134945567
13.75,12.26569051523089,4.538343087725715
13.8,12.672503895786898,4.411939966305686
13.850000000000001,13.100750363967897,4.29577749977774
13.9,13.550998512870768,4.189568020672946
13.950000000000001,14.023824824203095,4.093061742944335
14.0,14.519808164665264,4.006048209829987
14.05,15.039523507239926,3.9283579639045785
14.100000000000001,15.583534732839905,3.8598644941365206
14.15,16.152386348885187,3.800486518347052
14.200000000000001,16.746593939545132,3.750190664114933
14.25,17.366633137337644,3.7089946168709162
14.3,18.01292687729262,3.676970810637557
14.350000000000001,18.685830662793357,3.654250744500608
14.4,19.38561553645027,3.6410300162768334
14.450000000000001,20.11244841006871,3.6375741736751377
14.5,20.866369365376524,3.6442254920553268
14.55,21.64726549255974,3.661410795926078
14.600000000000001,22.454840788366603,3.689650447462766
14.65,23.288581592098534,3.729568627900052
14.700000000000001,24.14771700010033,3.7819050342498235
14.75,25.031173673197063,3.847528100976447
14.8,25.937524445338003,3.9274498292170907
14.850000000000001,26.864930167485966,4.022842258234316
14.9,27.811074295220532,4.135055536045347
14.950000000000001,28.77308987436683,4.265637426634817
15.0,29.747478826608766,4.416353914269728
15.05,30.730023826098172,4.589210311490695
15.100000000000001,31.715693638643597,4.786471922251522
15.15,32.698543628226496,5.0106828273572
15.200000000000001,33.67161429199136,5.264680715498779
15.25,34.62683223995753,5.5516048511577045
15.3,35.55492005943949,5.87489323087246
15.350000000000001,36.44532404197145,6.238263733846059
15.4,37.28617179217594,6.645672664706838
15.450000000000001,38.06427517088614,7.101242627325626
15.5,38.765197570304764,7.609150375462139
15.55,39.37340765568891,8.173464519605329
15.600000000000001,39.87254359611725,8.797923268081455
15.65,40.24581124367314,9.485644465371093
15.700000000000001,40.476535179651194,10.238764909214526
15.75,40.54887137288715,11.05801409452226
15.8,40.44867302885535,11.942239624105124
15.850000000000001,40.16447667208112,12.887917235822135
15.9,39.68854508309909,13.888696107846755
15.950000000000001,39.017871556845314,14.935046500170216
16.0,38.15502314644366,16.01408689966958
16.05,37.108688271834026,17.109665876757113
16.1,35.893805224204954,18.202755033604312
16.150000000000002,34.53118780690834,19.272172324166178
16.2,33.04663038387828,20.295603749374443
16.25,31.469555669790573,21.25083604473728
16.3,29.831346192005192,22.117067410336542
16.35,28.16355430096781,22.876140898955693
16.400000000000002,26.49620129257856,23.513553358976456
16.45,24.856350200431272,24.019130398027848
16.5,23.267077986220944,24.387314602241627
16.55,21.74689850622756,24.617075327078204
16.6,20.309616765016383,24.71149950479628
16.650000000000002,18.96454201210879,24.67715486658695
16.7,17.7169587422713,24.523327315756948
16.75,16.568749536014085,24.261226262271848
16.8,15.519075838688465,23.903232087500502
16.85,14.56504442541209,23.46223556490139
16.900000000000002,13.702311484171519,22.95109560373401
16.95,12.925598169697414,22.382222499517226
17.0,12.229108668535723,21.767280284420632
17.05,11.606853656592753,21.116993600756675
17.1,11.052889063999562,20.44104078158255
17.150000000000002,10.561483354764652,19.748014251691902
17.2,10.127227237057637,19.045430770288277
17.25,9.745098851134076,18.33977647197953
17.3,9.410495801415909,17.636574452721334
17.35,9.119243429257295,16.940465369060806
17.400000000000002,8.867586783249381,16.255293942653825
17.45,8.652172005265664,15.584196291341366
17.5,8.470021383858152,14.929684630266824
17.55,8.318505142504723,14.29372713485959
17.6,8.195312106204023,13.677821686133196
17.650000000000002,8.0984206890277,13.083062887134705
17.7,8.026071126799296,12.51020220377689
17.75,7.976739504649311,11.959701392636937
17.8,7.949113865351853,11.431779572991047
17.85,7.942072503453597,10.926454412413198
17.900000000000002,7.954664430266563,10.443577949373244
17.95,7.986091918782669,9.982867590961062
18.0,8.035694992582977,9.543932812763783
18.05,8.10293769927123,9.12629806084028
18.1,8.187395999849707,8.729422319584492
18.150000000000002,8.288747105728595,8.352715768807686
18.2,8.406760101138964,7.995553911787972
18.25,8.541287698106762,7.657289515391848
18.3,8.692258982129154,7.337262664928316
18.35,8.859673018126363,7.034809200858917
18.400000000000002,9.043593197370635,6.749267772189595
18.45,9.244142216444713,6.47998571239815
18.5,9.461497588569161,6.226323918032525
18.55,9.695887595700334,5.987660887485098
18.6,9.947587596558238,5.763396057690875
18.650000000000002,10.216916611163205,5.552952559376042
18.7,10.504234106535343,5.355779496759065
18.75,10.809936910943497,5.17135384505094
18.8,11.134456185482225,4.999182048503411
18.85,11.478254381797578,4.838801392925357
18.900000000000002,11.84182211345224,4.689781219362894
18.95,12.225674865675266,4.551724039877677
19.0,12.630349464016842,4.424266611943869
19.05,13.056400216634907,4.30708102482405
19.1,13.504394637462537,4.19987584930643
19.150000000000002,13.974908648199335,4.102397401338636
19.200000000000003,14.468521145765216,4.014431170343455
19.25,14.985807808351545,3.935803464330728
19.3,15.527333997277811,3.866383326319844
19.35,16.09364659326605,3.806084780058112
19.400000000000002,16.68526458422175,3.7548694675598124
19.450000000000003,17.302668196901607,3.7127497465859407
19.5,17.946286336721517,3.6797923227968434
19.55,18.616482068234806,3.6561224988537044
19.6,19.313535833420516,3.6419291310586623
19.650000000000002,20.037626065973093,3.63747039292758
19.700000000000003,20.788806817671812,3.6430804539280732
19.75,21.566981968458556,3.659177189774503
19.8,22.37187554653681,3.6862710470682525
19.85,23.202997641025753,3.7249751881022357
19.900000000000002,24.059605351189443,3.7760170389862786
19.950000000000003,24.94065818859418,3.8402513525773188
20.0,25.84476733985959,3.9186748723617963
20.05,26.770138219540144,4.012442638013554
20.1,27.71450581125567,4.122885899118411
20.150000000000002,28.675062432559784,4.251531488893225
20.200000000000003,29.648377794739098,4.4001223394696085
20.25,30.630311601374743,4.570638575193067
20.3,31.615919488080937,4.765318276746874
20.35,32.59935391034739,4.986676539034482
20.400000000000002,33.57376270667276,5.237520819430178
20.450000000000003,34.53118957551975,5.5209597611553285
20.5,35.46248267823689,5.840401658189381
20.55,36.357220065075346,6.199537502357035
20.6,37.203663615026365,6.602302157852318
20.650000000000002,37.98875658279155,7.052805746897574
20.700000000000003,38.69818339929905,7.555226006619822
20.75,39.316513582642685,8.113651536136024
20.8,39.827453679397536,8.73186601377669
20.85,40.21423090616071,9.413065331100508
20.900000000000002,40.460128098799586,10.159504002852954
20.950000000000003,40.54918004508716,10.972074998907205
21.0,40.467024858115465,11.849838835551246
21.05,40.20188022872399,12.789533154455595
21.1,39.74558443018262,13.785111647851938
21.150000000000002,39.0946096939833,14.827377920223803
21.200000000000003,38.250927835174345,15.903790883224968
21.25,37.22259381601202,16.998517796067457
21.3,36.023921387994896,18.092794083803568
21.35,34.675161726607854,19.16561373292786
21.400000000000002,33.20165970208342,20.194723856541412
21.450000000000003,31.632542725156906,21.157841452614566
21.5,29.999076000565886,22.033963159138814
21.55,28.332875175549464,22.804613556814054
21.6,26.66418730072104,23.454882644740227
21.650000000000002,25.020429022404176,23.97413805397252
21.700000000000003,23.425114723780826,24.35635302806031
21.75,21.897233660432576,24.600052545726417
21.8,20.45106314497329,24.707932625440574
21.85,19.09634962809962,24.686241970348714
21.900000000000002,17.83875848951151,24.544027565362047
21.950000000000003,16.680486081903947,24.292339493521165
22.0,15.620938333291503,23.94347145332255
22.05,14.657401246303445,23.510289303903626
22.1,13.78565282030852,23.00567622449649
22.150000000000002,13.000488220633134,22.442103367549006
22.200000000000003,12.296147739606258,21.83132071658028
22.25,11.666649465593967,21.184154177331237
22.3,11.106036052592561,20.510390799299515
22.35,10.608548600714121,19.81873319040351
22.400000000000002,10.168741578475464,19.116805443099206
22.450000000000003,9.781551969564008,18.411195256790787
22.5,9.442334200856468,17.707519718464095
22.55,9.146870450277195,17.01050494529974
22.6,8.89136398050085,16.32407225299712
22.650000000000002,8.67242138095038,15.651425584411177
22.700000000000003,8.487028105174316,14.995136595538822
22.75,8.332520478620038,14.357225079821614
22.8,8.206556403026392,13.739233370020962
22.85,8.10708626203192,13.142294049001412
22.900000000000002,8.032324997498067,12.56719078344012
22.950000000000003,7.980725938661477,12.014412417548503
23.0,7.950956692544933,11.484200668596491
23.05,7.9418772158538875,10.97659188521816
23.1,7.9525200633261095,10.491453388515865
23.150000000000002,7.982072727690191,10.02851493396965
23.200000000000003,8.029861938747391,9.587395823168057
23.25,8.095339763733737,9.167628168555577
23.3,8.178071340804744,8.768676778910022
23.35,8.277724076992007,8.389956093070609
23.400000000000002,8.394058147601143,8.030844547859502
23.450000000000003,8.52691814316187,7.690696725332582
23.5,8.67622572092354,7.3688535857884245
23.55,8.841973129315612,7.064651057112705
23.6,9.024217484977163,6.77742721840263
23.650000000000002,9.223075692404626,6.506528286508313
23.700000000000003,9.438719905670604,6.2513135880864965
23.75,9.67137343985777,6.011159676828445
23.8,9.92130704674348,5.785463735486328
23.85,10.188835474826515,5.573646384945027
23.900000000000002,10.47431423799842,5.3751540076300035
23.950000000000003,10.77813652003052,5.189460679776562
24.0,11.100730143575307,5.01606979629891
24.05,11.442554532560676,4.854515462997506
24.1,11.804097595665718,4.704363723462983
24.150000000000002,12.18587245596735,4.565213682131372
24.200000000000003,12.588413947775607,4.43669858039958
24.25,13.012274796045523,4.318486879426515
24.3,13.458021386452168,4.210283401150333
24.35,13.926229025102113,4.111830578092478
24.400000000000002,14.417476575760798,4.022909862659298
24.450000000000003,14.932340349204242,3.9433433478720907
24.5,15.471387103633038,3.872995653748299
24.55,16.035165996772466,3.8117761369190317
24.6,16.624199309067315,3.7596414854996913
24.650000000000002,17.238971733005425,3.7165987667200326
24.700000000000003,17.879917995832365,3.6827090013320793
24.75,18.54740855156597,3.6580913462695808
24.8,19.241733043199204,3.6429279752788837
24.85,19.96308119737957,3.6374697560129423
24.900000000000002,20.71152077203155,3.6420428309426933
24.950000000000003,21.48697213312139,3.6570562177099886
25.0,22.289178991444267,3.6830105511841915
25.05,23.117674786235646,3.720508092947868
25.1,23.971744163143388,3.7702641319830534
25.150000000000002,24.85037896501116,3.83311988975542
25.200000000000003,25.752228142853266,3.910057019199385
25.25,26.675541012529735,4.0022137440707555
25.3,27.618103345589127,4.110902614293411
25.35,28.577165911945563,4.237629742982523
25.400000000000002,29.54936531621137,4.384115227002383
25.450000000000003,30.530637326233528,4.5523142163800605
25.5,31.51612342959148,4.744437765429967
25.55,32.500072130393406,4.962972142702793
25.6,33.47573758360953,5.2106946677719685
25.650000000000002,34.435279632511254,5.49068335096725
25.700000000000003,35.36967123880237,5.806316615223441
25.75,36.26862172719552,6.161258173556007
25.8,37.120527210769,6.559420754110438
25.85,37.91246293315735,7.004900902573989
25.900000000000002,38.630235819371386,7.50187574113835
25.950000000000003,39.25851880306227,8.054451652741674
26.0,39.781090724165324,8.666454889734226
26.05,40.181205638368446,9.341155763420522
26.1,40.44211177852651,10.080922186026523
26.150000000000002,40.54773150295761,10.88680574978071
26.200000000000003,40.483497889407396,11.758074816810453
26.25,40.23732054336992,12.69172415133273
26.3,39.80062371994822,13.68200814179675
26.35,39.169367574299926,14.720061677672454
26.400000000000002,38.34493477228824,15.793684588638474
26.450000000000003,37.33474869437926,16.887366490874424
26.5,36.15249527842957,17.982613732504838
26.55,34.81785437366142,19.058606598961283
26.6,33.35570779808094,20.093165900590375
26.650000000000002,31.794870630903162,21.06395245791674
26.700000000000003,30.166472248304018,21.94977427198367
26.75,28.50217380908632,22.73184818412057
26.8,26.83243302056022,23.39486469351819
26.85,25.185009106317686,23.927736811423276
26.900000000000002,23.583847501237415,24.323967835430516
26.950000000000003,22.0484110080213,24.581634384902696
27.0,20.593451192558348,24.70303513577409
27.05,19.229156411734525,24.694091946273762
27.1,17.96157928813613,24.56360466512121
27.150000000000002,16.79323696793378,24.32245621808982
27.200000000000003,15.723786778664232,23.98284671366825
27.25,14.750700247384469,23.557611402069302
27.3,13.869882577122024,23.05965333652471
27.35,13.076207328967879,22.50150137005414
27.400000000000002,12.363954302988153,21.89498937362702
27.450000000000003,11.727151518349782,21.251043356572133
27.5,11.1598301233131,20.579558633143083
27.55,10.656205020770452,19.889348068664944
27.6,10.210795138414426,19.188143531760808
27.650000000000002,9.818496653089207,18.482634969689855
27.700000000000003,9.474620913134004,17.77853428349546
27.75,9.174906859550957,17.080653939118434
27.8,8.915515783179007,16.392992745901807
27.85,8.69301446737684,15.718823346177475
27.900000000000002,8.504351241706097,15.06077766262749
27.950000000000003,8.34682823185981,14.42092787018461
28.0,8.218072117118822,13.800861447809675
28.05,8.116004963829443,13.201749581839781
28.1,8.038816151241859,12.624408694082883
28.150000000000002,7.9849360053486595,12.069355205040832
28.200000000000003,7.953011472548739,11.536853857701994
28.25,7.941883969220718,11.026960053921337
28.3,7.950569412531813,10.539556719570632
28.35,7.9782403540626285,10.074386236072145
28.400000000000002,8.02421008743011,9.631077969151228
28.450000000000003,8.087918573845451,9.209171901156742
28.5,8.168920017973035,8.808138838537579
28.55,8.26687192515946,8.427397626173414
28.6,8.38152547623692,8.066329758705567
28.650000000000002,8.512717064982482,7.724291738056706
28.700000000000003,8.660360854083764,7.4006254873664625
28.75,8.824442216874118,7.0946670954072735
28.8,9.005011943336136,6.8057541325779365
28.85,9.202181099408703,6.533231749928589
28.900000000000002,9.416116438151422,6.276457746304532
28.950000000000003,9.647036269639278,6.034806765457132
29.0,9.895206703485862,5.807673764649804
29.05,10.160938183585198,5.594476878651311
29.1,10.444582239009485,5.394659787817893
29.150000000000002,10.746528378004307,5.207693685988619
29.200000000000003,11.067201053686533,5.033078932940174
29.25,11.407056630366936,4.870346466974502
29.3,11.76658027837004,4.7190590456754435
29.35,12.146282722769376,4.578812376823218
29.400000000000002,12.546696767537506,4.4492361967771235
29.450000000000003,12.968373511142651,4.329995350229144
29.5,13.411878162497633,4.220790923018657
29.55,13.877785357244173,4.121361478625587
29.6,14.366673863470798,4.031484448989243
29.650000000000002,14.879120552921721,3.9509777314113252
29.700000000000003,15.415693498337298,3.879701545485088
29.75,15.976944039531777,3.81756060724667
29.8,16.563397639904462,3.7645066820682387
29.85,17.175543331037,3.7205415831960815
29.900000000000002,17.813821515611536,3.68572068924804
29.950000000000003,18.478609867899372,3.6601570613498717
30.0,19.17020703642048,3.644026248766055
30.05,19.888813815125427,3.6375718806155724
30.1,20.63451140792902,3.6411121501427526
30.150000000000002,21.407236367353896,3.655047306383533
30.200000000000003,22.206751742743236,3.679868274931063
30.25,23.032613929159933,3.71616653337785
30.3,23.884134668127864,3.7646453657334678
30.35,24.760337620945027,3.8261326105955145
30.400000000000002,25.659908921958877,3.901594995736121
30.450000000000003,26.58114113373951,3.9921541110313084
30.5,27.521870083639907,4.099104004097143
30.55,28.47940418255299,4.223930277621071
30.6,29.450446039665664,4.368330409792897
30.650000000000002,30.431006528315034,4.5342347910474246
30.700000000000003,31.416311974491983,4.723827648758656
30.75,32.40070588889368,4.939566589606633
30.8,33.377547713746765,5.184198897154383
30.85,34.33911248169379,5.460771949980469
30.900000000000002,35.276497159017545,5.772634150125085
30.950000000000003,36.17954182490814,6.123421566377367
31.0,37.03677673320039,6.517024130130298
31.05,37.83540963747245,6.957523760711208
31.1,38.56137131407415,7.449095422847211
31.150000000000002,39.19944055138384,7.995861144213765
31.200000000000003,39.73347225118197,8.601686927969421
31.25,40.14675261795952,9.269913951699804
31.3,40.42250225442661,10.003019270724339
31.35,40.54453968734101,10.802208289398363
31.400000000000002,40.498102906432514,11.66695215009974
31.450000000000003,40.270804147996664,12.594497901149431
31.5,39.85366421683885,13.579396676861004
31.55,39.242140393583185,14.613112376767084
31.6,38.43703264071578,15.683785950642541
31.650000000000002,37.445135110762855,16.77623269911368
31.700000000000003,36.27950320083831,17.872236648617683
31.75,34.95923727360058,18.95117435844958
31.8,33.50874297766088,19.990952740876857
31.85,31.95650630094183,20.969189971650326
31.900000000000002,30.333502334498416,21.864518478830174
31.950000000000003,28.671419793655996,22.657858381640843
32.0,27.000911597614067,23.333508409831317
32.050000000000004,25.350068059525054,23.879930724838903
32.1,23.743258818926215,24.29015845728743
32.15,22.20041794116622,24.56181618827375
32.2,20.736772850186536,24.69679902226506
32.25,19.362958285643053,24.700694248803448
32.300000000000004,18.08542035175413,24.58204636328259
32.35,16.907003981457603,24.351563235851597
32.4,15.827624856940382,24.021344367295523
32.45,14.844946405907809,23.604188574608877
32.5,13.955006526228619,23.113014258260677
32.550000000000004,13.152761662527423,22.560404695583777
32.6,12.432534620519844,21.958275478665374
32.65,11.788365952174903,21.31765147803111
32.7,11.214277139575534,20.648535757938102
32.75,10.70445810979384,19.959851469772257
32.800000000000004,10.253392990172895,19.25943867025429
32.85,9.855937530964443,18.554090218261948
32.9,9.507360122479733,17.84961364155846
32.95,9.203356409755456,17.15090863914954
33.0,8.940045534988847,16.462052414386278
33.050000000000004,8.713954227056753,15.786387187353366
33.1,8.521993404957206,15.126605978945168
33.15,8.361430693391068,14.484834115787551
33.2,8.229861249200074,13.862704924635771
33.25,8.125178533004448,13.261428826103744
33.300000000000004,8.045546090768434,12.681855558381109
33.35,7.989370995651777,12.124529613371038
33.4,7.955279306266072,11.589739193440016
33.45,7.942093693939289,11.07755913120221
33.5,7.948813255151074,10.587888284252772
33.550000000000004,7.974595437483,10.120481941784373
33.6,8.018739954168849,9.674979775562603
33.65,8.080674533120526,9.250929844659606
33.7,8.159942333423404,8.847809129357895
33.75,8.256190860154963,8.465041030083956
33.800000000000004,8.369162213003376,8.10201022572737
33.85,8.498684512757281,7.758075244608205
33.9,8.644664360380622,7.432579062146851
33.95,8.807080194777239,7.124858002820703
34.0,8.985976426631401,6.834249190692311
34.050000000000004,9.181458236334963,6.56009676281318
34.1,9.39368693364362,6.301757033114799
34.15,9.622875785150622,6.058602770851463
34.2,9.869286222825291,5.8300267370541246
34.25,10.133224352691238,5.615444604557882
34.300000000000004,10.415037687202595,5.414297371738175
34.35,10.715112028016664,5.226053366899596
34.4,11.033868427660812,5.050209929089865
34.45,11.371760159045296,4.886294841764048
34.5,11.7292696208639,4.733867588028263
34.550000000000004,12.1069051046145,4.592520489999886
34.6,12.505197345204556,4.461879790009032
34.65,12.924695771800366,4.341606727833544
34.7,13.365964368626495,4.231398665829078
34.75,13.829577046688117,4.130990312629577
34.800000000000004,14.316112416711233,4.040155096012921
34.85,14.826147840782719,3.958706736528843
34.9,15.360252625006657,3.886501075561333
34.95,15.918980197735102,3.823438214643356
35.0,16.50285909732477,3.769465027057272
35.050000000000004,17.11238256965647,3.7245781080314675
35.1,17.74799654858771,3.688827236153391
35.15,18.41008576189137,3.66231942589289
35.2,19.098957670955507,3.645223659232848
35.25,19.81482391462545,3.637776393098166
35.300000000000004,20.557778886353507,3.6402879481640693
35.35,21.32777502996043,3.6531498930852244
35.4,22.124594394055432,3.6768435452613253
35.45,22.947815940591365,3.7119497135160677
35.5,23.79677806242541,3.7591598074326447
35.550000000000004,24.670535733066718,3.819288429576104
35.6,25.56781169629386,3.8932875462351153
35.65,26.486941114440572,3.9822622937984864
35.7,27.42580914650844,4.0874884134831335
35.75,28.38178104099178,4.2104312061760485
35.800000000000004,29.3516245305002,4.352765747621127
35.85,30.331424641626793,4.516397884100247
35.9,31.316491529773057,4.703485217802469
35.95,32.30126267147537,4.916456862670141
36.0,33.279201763289436,5.158030175933838
36.050000000000004,34.242698060864036,5.4312219178191805
36.1,35.18297171837322,5.739350337596757
36.15,36.08999301531562,6.086023519608783
36.2,36.95242620182784,6.47510797173746
36.25,37.75761199066992,6.91066998111855
36.300000000000004,38.49160627122041,7.396880867181664
36.35,39.13929600476841,7.937876228061214
36.4,39.68461577826051,8.537559066785498
36.45,40.11088909114428,9.199337947891703
36.5,40.40131571897841,9.92579488199726
36.550000000000004,40.53961879837297,10.718284320791657
36.6,40.5108510627427,11.576475128310404
36.65,40.302338053708816,12.497861748175124
36.7,39.90470775982981,13.477287985861366
36.75,39.31292398925034,14.506544268979582
36.800000000000004,38.52721078986235,15.574112585105006
36.85,37.553735907676085,16.665136909339093
36.9,36.40492201504285,17.761685354646204
36.95,35.09928237073416,18.843340429477195
37.0,33.660733791816924,19.888107358756855
37.050000000000004,32.1174167032439,20.873575162068924
37.1,30.50013352669585,21.778213880824115
37.15,28.84058243008257,22.58265820105366
37.2,27.169595767892265,23.270823187665023
37.25,25.515583009873627,23.830724335288423
37.300000000000004,23.903330674973727,24.25492477455936
37.35,22.353241367287435,24.540593682633205
37.4,20.88101962247893,24.689216574389405
37.45,19.497750799573986,24.706038550398567
37.5,18.21028059353485,24.59934054463174
37.550000000000004,17.02178868120345,24.3796474109965
37.6,15.932456087289161,24.0589509174846
37.65,14.940144592576543,23.650007494902304
37.7,14.041030378701327,23.16574623286925
37.75,13.230157364376725,22.618801435386462
37.800000000000004,12.501894955838445,22.02116814495437
37.85,11.850298924913254,21.383968766321196
37.9,11.269382997720523,20.717313534027223
37.95,10.753313403050257,20.030235866899385
38.0,10.296540251258042,19.330684389354648
38.050000000000004,9.893879277810516,18.62555551530466
38.1,9.540556057823148,17.920753200741085
38.15,9.23222289640446,17.22126525765102
38.2,8.964956619888047,16.53124818413464
38.25,8.735243659788157,15.854114659868365
38.300000000000004,8.539957240608098,15.19261964103462
38.35,8.376330185466335,14.548942382804546
38.400000000000006,8.241925828105652,13.92476276844541
38.45,8.134608733474225,13.321331090815326
38.5,8.05251634158348,12.739530972656874
38.550000000000004,7.994032220946032,12.17993547888886
38.6,7.957761312931626,11.64285671090571
38.650000000000006,7.94250733684668,11.128389315053711
38.7,7.947252383231539,10.63644841247865
38.75,7.971138630834601,10.166802486301385
38.800000000000004,8.013452066495452,9.71910176004899
38.85,8.073608055917,9.292902579681412
38.900000000000006,8.15113859905692,8.887688278393755
38.95,8.24568110084538,8.50288696419622
39.0,8.356968492018122,8.137886628842377
39.050000000000004,8.48482054314624,7.7920479354623255
39.1,8.629136225447265,7.464715002810447
39.150000000000006,8.7898869833224,7.1552244672650644
39.2,8.967110794886569,6.862913070085897
39.25,9.160906907467107,6.587123987117792
39.300000000000004,9.371431144789977,6.327212091108766
39.35,9.59889169114416,6.08254831295347
39.400000000000006,9.843545265106851,5.8525232472803
39.45,10.105693601375457,5.636550129640463
39.5,10.385680163871939,5.434067296890529
39.550000000000004,10.683887016560991,5.244540228952601
39.6,11.000731780358729,5.067463258769662
39.650000000000006,11.33666460509926,4.902361027749756
39.7,11.692165084756045,4.74878975613674
39.75,12.067739041949208,4.6063383914069185
39.800000000000004,12.463915104153655,4.4746296928438305
39.85,12.881240988876993,4.353321306785298
39.900000000000006,13.320279408296148,4.242106884587385
39.95,13.781603495295204,4.140717294049889
40.0,14.265791642374259,4.048921974856726
40.050000000000004,14.773421632311793,3.966530489477958
40.1,15.30506392454625,3.8933943229468357
40.150000000000006,15.861273943758263,3.8294089879625153
40.2,16.442583196828494,3.774516495876436
40.25,17.049489020957683,3.728708259290887
40.300000000000004,17.68244273901847,3.692028498205673
40.35,18.341835967957618,3.6645782288296775
40.400000000000006,19.027984792161078,3.646519922201991
40.45,19.741111476158316,3.6380829284163396
40.5,20.481323350139725,3.6395697711365864
40.550000000000004,21.248588458122104,3.651363425632072
40.6,22.04270751340278,3.673935700831904
40.650000000000006,22.86328166117748,3.7078568505254057
40.7,23.70967550699645,3.753806538816228
40.75,24.580974836855415,3.8125862773905896
40.800000000000004,25.475938437165922,3.885133433020565
40.85,26.39294343068468,3.9725368673427717
40.900000000000006,27.329923591853053,4.07605420961007
40.95,28.284300211407167,4.197130666437887
41.0,29.252905271893507,4.337419126903554
41.050000000000004,30.231897007612865,4.498801109157659
41.1,31.21666839918291,4.683407794094284
41.150000000000006,32.201749849910854,4.893639976428708
41.2,33.18070827463953,5.1321852042490645
41.25,34.146046175578846,5.4020296445838385
41.300000000000004,35.089106058347106,5.706461279388824
41.35,35.99998781590342,6.049059892733755
41.400000000000006,36.867489500993415,6.433667975226518
41.45,37.67908516527331,6.864335218911483
41.5,38.420956979789985,7.345227863701647
41.550000000000004,39.07810227851637,7.880493067773864
41.6,39.63453881399512,8.474068154803705
41.650000000000006,40.07363236465406,9.129425671257156
41.7,40.37856851189348,9.849248463159785
41.75,40.53298328462087,10.635035313056289
41.800000000000004,40.52175387042646,11.486647759793122
41.85,40.33192974008265,12.40182270976986
41.900000000000006,39.95375675382121,13.375692448641022
41.95,39.381714835273314,14.400371251457019
42.0,38.615459235369755,15.464681783987702
42.050000000000004,37.660534571711764,16.554099352076598
42.1,36.528729146390894,17.650982214923573
42.150000000000006,35.237962043911224,18.735128198241583
42.2,33.811649055499885,19.784652843336733
42.25,32.27756887933177,20.777129441697053
42.300000000000004,30.666332978637477,21.69087894015143
42.35,29.009630742395267,22.50626213869817
42.400000000000006,27.338457867716127,23.20681890850715
42.45,25.681530610557967,23.780122672509417
42.5,24.064044565602767,24.218267121459167
42.550000000000004,22.50686770574044,24.517962985355485
42.6,21.026182570493496,24.680280393131017
42.650000000000006,19.63352912331461,24.71011475010904
42.7,18.33615861878062,24.615475238397615
42.75,17.137592390206038,24.406695678812937
42.800000000000004,16.038283819650083,24.095652877483264
42.85,15.036299566296822,23.695054798585947
42.900000000000006,14.127959780886565,23.21783643107374
42.95,13.308400549637005,22.67667958517083
43.0,12.572041572071601,22.08365637680301
43.050000000000004,11.91295661335473,21.449985331347705
43.1,11.325153626006541,20.785883207019676
43.150000000000006,10.802776475641167,20.10049362251818
43.2,10.340242083137374,19.40187411584468
43.25,9.932326613592975,18.69702527792999
43.300000000000004,9.57421299292384,17.99194828253532
43.35,9.261510158077433,17.29171992957065
43.400000000000006,8.990252462371455,16.600576912599085
43.45,8.75688580296617,15.922003256028656
43.5,8.558245428832729,15.258816693798249
43.550000000000004,8.391529061732925,14.613251193047654
43.6,8.2542679110812,13.987033909371165
43.650000000000006,8.144297354761875,13.381455653012608
43.7,8.059728452210258,12.79743450639329
43.75,7.998921013266912,12.235572615613155
43.800000000000004,7.9604586303148315,11.696206426789251
43.85,7.943125861412713,11.179450788464607
43.900000000000006,7.945887603761562,10.685237422092595
43.95,7.967870600442833,10.213348295263488
44.0,8.00834696406091,9.76344443285504
44.050000000000004,8.06671956754682,9.33509068127109
44.1,8.142509136703627,8.927776908656217
44.150000000000006,8.235342875125482,8.54093608520897
44.2,8.34494445563415,8.173959646382286
44.25,8.471125220346636,7.826210500440082
44.300000000000004,8.613776441837622,7.497034002163168
44.35,8.772862509181062,7.185767177427046
44.400000000000006,8.948414914011567,6.891746449412973
44.45,9.140526922536585,6.614314086558949
44.5,9.349348829282523,6.352823565007629
44.550000000000004,9.575083697054575,6.106644014139221
44.6,9.817983495014575,5.875163892594636
44.650000000000006,10.078345552880124,5.657794023768442
44.7,10.35650925400402,5.453970103842771
44.75,10.652852893504793,5.263154781807465
44.800000000000004,10.967790629690153,5.08483939934788
44.85,11.30176945774241,4.918545468779663
44.900000000000006,11.65526613400354,4.763825959192303
44.95,12.028783977175273,4.620266454477278
45.0,12.422849469283225,4.487486241833784
45.050000000000004,12.838008574267528,4.365139385560372
45.1,13.274822685453245,4.252915838372025
45.150000000000006,13.733864104793156,4.15054264106791
45.2,14.21571094650593,4.0577852610729215
45.25,14.720941345368798,3.9744491211603497
45.300000000000004,15.250126835253457,3.900381371521228
45.35,15.803824746280926,3.835472961274768
45.400000000000006,16.382569448962272,3.779661069513437
45.45,16.98686225062738,3.7329319610398324
45.5,17.61715972307425,3.695324338057043
45.550000000000004,18.27386021048552,3.6669332661609384
45.6,18.957288233124707,3.6479147609332148
45.650000000000006,19.667676465149043,3.638491130034331
45.7,20.405144924292728,3.63895717458751
45.75,21.169676967769803,3.649687362257233
45.800000000000004,21.961091643634543,3.671144091878204
45.85,22.779011901908078,3.7038871744653865
45.900000000000006,23.62282812803346,3.748584656000788
45.95,24.4916564272254,3.806025100770115
46.0,25.38429106877778,3.877131436283559
46.050000000000004,26.29915050409045,3.9629764264924674
46.1,27.234216414758446,4.064799781620994
46.150000000000006,28.186965346427186,4.184026820394617
46.2,29.15429266582066,4.322288460473121
46.25,30.132428876220107,4.481442108354167
46.300000000000004,31.116848784311873,4.663592729475846
46.35,32.10217468317177,4.871112976950605
46.400000000000006,33.08207566734875,5.106660714062148
46.45,34.04916649990788,5.373191551068536
46.5,34.99491118282437,5.673963104765607
46.550000000000004,35.90953860445897,6.012526566734502
46.6,36.7819803790831,6.392699848603065
46.650000000000006,37.59984420965401,6.818515126302987
46.7,38.349439626973144,7.294132178539046
46.75,39.015876421643306,7.8237077760083595
46.800000000000004,39.583258851667274,8.411210954917305
46.85,40.034999797890904,9.060174913024579
46.900000000000006,40.35427711061662,9.773379280958142
46.95,40.524647832316575,10.552462506655333
47.0,40.53082318879583,11.397473773226361
47.050000000000004,40.35958714438449,12.306387480068311
47.1,40.00081416075507,13.2746200937138
47.150000000000006,39.44851003668146,14.2946068658043
47.2,38.701768658340775,15.355510510672758
47.25,37.765515238350304,16.443139991531243
47.300000000000004,36.650902596244954,17.540149424121697
47.35,35.37524912187267,18.626561005404056
47.400000000000006,33.961457866165986,19.680612377190513
47.45,32.436929963805646,20.67987445414785
47.5,30.83206774844081,21.602532469546066
47.550000000000004,29.178533492705853,22.428685128896593
47.6,27.50746984403742,23.141505938953088
47.650000000000006,25.847887045468003,23.72813125658796
47.7,24.225381485862446,24.180186290494195
47.75,22.661282884819137,24.493920611682395
47.800000000000004,21.17225230615075,24.669983399423938
47.85,19.770288039695068,24.71291298217441
47.900000000000006,18.463052717497856,24.630438626251156
47.95,17.25441618867874,24.43269505259709
48.0,16.145111228373565,24.13143677609111
48.050000000000004,15.133415968823176,23.73931708777376
48.1,14.215800310114995,23.26927195411083
48.150000000000006,13.387497302206759,22.734027046967757
48.2,12.642980729447592,22.145729070544117
48.25,11.976345211585729,21.515691168597833
48.300000000000004,11.38159498354991,20.85423590758144
48.35,10.852852941894776,20.17061698784568
48.400000000000006,10.384503690962585,19.473001171745224
48.45,9.971284303581756,18.76849382667424
48.5,9.608335246490862,18.06319412089808
48.550000000000004,9.291222076640793,17.36226871160839
48.6,9.015936527751641,16.67003538809741
48.650000000000006,8.778883731892352,15.990050407670946
48.7,8.576860684615571,15.325195129720127
48.75,8.407029707543584,14.6777590232623
48.800000000000004,8.26688958407793,14.049517239101455
48.85,8.15424621227135,13.441801757190802
48.900000000000006,8.067183994441764,12.855565701742973
48.95,8.004038725538697,12.291440814802517
49.0,7.963372414925112,11.7497883390029
49.050000000000004,7.94395024792309,11.230743719097198
49.1,7.944719738832777,10.734255618589609
49.150000000000006,7.964792026218958,10.260119784518642
49.2,8.003425198762136,9.808008296620462
49.25,8.060009504387418,9.377494718736807
49.300000000000004,8.134054278220669,8.968075638998505
49.35,8.225176420004223,8.579189047002414
49.400000000000006,8.333090254515756,8.210229954989261
49.45,8.457598616159997,7.860563628621302
49.5,8.598585009085634,7.5295367530634
49.550000000000004,8.756006705451373,7.216486822707573
49.6,8.92988865584977,6.920750008591893
49.650000000000006,9.12031809676519,6.641667726572624
49.7,9.327439749901464,6.378592101628194
49.75,9.551451517034963,6.130890499190698
49.800000000000004,9.79260058160549,5.8979492729255005
49.85,10.05117983449172,5.679176859685553
49.900000000000006,10.327524546309887,5.474006336214595
49.95,10.622009212122144,5.281897538326779
50.0,10.935044496647711,5.102338831527088
50.050000000000004,11.26707420893368,4.934848612154786
50.1,11.618572234949697,4.778976609951414
50.150000000000006,11.990039354691243,4.634305056320052
50.2,12.381999867059264,4.5004497773228485
50.25,12.794997940955355,4.377061266551787
50.300000000000004,13.229593604592289,4.263825790318935
50.35,13.686358276843007,4.160466576083424
50.400000000000006,14.165869734382829,4.066745134619127
50.45,14.668706396237043,3.982462767101978
50.5,15.195440792919554,3.907462310045635
50.550000000000004,15.746632070403981,3.8416301738346177
50.6,16.322817359454742,3.7848987344949543
50.650000000000006,16.924501818101955,3.7372491432988446
50.7,17.552147129019495,3.698714624800895
50.75,18.20615820404346,3.669384340894952
50.800000000000004,18.886867814906093,3.6494079063513043
50.85,19.59451883244728,3.6390006498419387
50.900000000000006,20.32924371630812,3.638449723345819
50.95,21.09104085395187,3.6481211715007476
51.0,21.87974730284843,3.6684680800897613
51.050000000000004,22.695007444596044,3.7000399281515484
51.1,23.536237017507837,3.7434932693260317
51.150000000000006,24.402581959145053,3.7996038623082082
51.2,25.29287146892356,3.869280353889576
51.25,26.205564702620933,3.953579585725727
51.300000000000004,27.138690548595637,4.053723540423421
51.35,28.08978002810204,4.171117854006316
51.400000000000006,29.055791034062963,4.307371687358002
51.45,30.033025406960235,4.4643185521379
51.5,31.017038785676675,4.644037405937507
51.550000000000004,32.00254431848875,4.848872941749119
51.6,32.98331223908521,5.081453469185107
51.650000000000006,33.95206857721162,5.3447040889574815
51.7,34.90039795855857,5.641851970942457
51.75,35.818657619049986,5.976419444856278
51.800000000000004,36.69591244781811,6.352199312776237
51.85,37.51990404639652,6.77320535433425
51.900000000000006,38.27707029534893,7.243589556774177
51.95,38.95263541261474,7.767516417696718
52.0,39.53079336332706,8.348984148168743
52.050000000000004,39.99500879525389,8.991583340984649
52.1,40.328458120980564,9.698186430700721
52.150000000000006,40.514627354690305,10.470566918731365
52.2,40.53807121308502,11.308956622560249
52.25,40.3853186506767,12.211562433821667
52.300000000000004,40.04588349047252,13.174080600154062
52.35,39.51330732365563,14.189264297188872
52.400000000000006,38.7861304040361,15.246615395654711
52.45,37.86866269618373,16.332278517651684
52.5,36.77142095191805,17.429208996046853
52.550000000000004,35.51111689817425,18.51766213259581
52.6,34.110129622097105,19.576009222062897
52.650000000000006,32.595467203879416,20.58183206075157
52.7,30.997304817017024,21.513193621464296
52.75,29.347259196491798,22.349942536857696
52.800000000000004,27.676603265251934,23.074895127876257
52.85,26.014628035035923,23.674756099252747
52.900000000000006,24.38732193079202,24.140683537184096
52.95,22.816472339085987,24.468463481831222
53.0,21.31921898686602,24.658318842526583
53.050000000000004,19.908021937687607,24.71442362464783
53.1,18.59096085697378,24.644219050391953
53.150000000000006,17.372260906829208,24.457632630687517
53.2,16.252941305769145,24.166289163382835
53.25,15.231498319296534,23.7827809354141
53.300000000000004,14.304557470305237,23.32003983680689
53.35,13.467453671384986,22.790831631094186
53.400000000000006,12.714718682821712,22.207375015588706
53.45,12.040470929271462,21.58107615949074
53.5,11.438713059211517,20.92236265126837
53.550000000000004,10.90354845471712,20.240598102319883
53.6,10.429330323264299,19.544058773562462
53.650000000000006,10.010757158290545,18.839955384616474
53.7,9.64292718228864,18.134485861314484
53.75,9.321362577460865,17.432907581276744
53.800000000000004,9.042012322434868,16.739620328905787
53.85,8.801240560082068,16.058253485309894
53.900000000000006,8.595805758068456,15.391752888080742
53.95,8.422834540268122,14.742464304415092
54.0,8.279792962049715,14.112211610242456
54.050000000000004,8.164457147564585,13.502368614736138
54.1,8.074884563595127,12.913924073029845
54.150000000000006,8.00938673180522,12.347539844519796
54.2,7.966503842219313,11.80360242630252
54.25,7.944981493664567,11.28226825896006
54.300000000000004,7.943749625804524,10.783503294833668
54.35,7.96190360180553,10.307117359880989
54.400000000000006,7.998687334870208,9.852793846173823
54.45,8.053478313994605,9.420115255470545
54.5,8.125774365591543,9.008585083967311
54.550000000000004,8.215181981691995,8.617646500512597
54.6,8.321406047715325,8.24669822951025
54.650000000000006,8.444240810059792,7.895108008256015
54.7,8.583561933765102,7.562223948347976
54.75,8.739319511711354,7.247384093160191
54.800000000000004,8.911531898225551,6.949924428753985
54.85,9.100280250907938,6.6691855742719826
54.900000000000006,9.305703674554307,6.404518349848015
54.95,9.527994869993046,6.155288395267046
55.0,9.767396198343723,5.920879990839565
55.050000000000004,10.024196077573695,5.700699212990137
55.1,10.298725633257316,5.4941765406609715
55.150000000000006,10.591355529126037,5.300769014561639
55.2,10.902492905340067,5.119962039331514
55.25,11.232578353412391,4.9512709086175475
55.300000000000004,11.582082856361685,4.79424212472441
55.35,11.95150462093354,4.64845457770914
55.400000000000006,12.341365725560914,4.513520643434666
55.45,12.752208503063367,4.389087256056379
55.5,13.184591570813524,4.274837007606548
55.550000000000004,13.639085413105091,4.170489325697302
55.6,14.116267410587673,4.0758017798381125
55.650000000000006,14.616716199710218,3.9905715674293614
55.7,15.141005230929906,3.9146372321347833
55.75,15.689695377765222,3.847880670047655
55.800000000000004,16.26332642935023,3.7902294828481504
55.85,16.862407276721974,3.741659741998454
55.900000000000006,17.487404577391246,3.7021992339192678
55.95,18.138729653587102,3.671931262986396
56.0,18.816723346775206,3.65099909697518
56.050000000000004,19.521638514601737,3.6396111480726208
56.1,20.25361981648789,3.6380469914480695
56.150000000000006,21.012680391196852,3.6466643321017056
56.2,21.798674984806187,3.6659070384874455
56.25,22.611269042352024,3.696314367016494
56.300000000000004,23.449903233709968,3.738531503198756
56.35,24.313752848248434,3.7933215402871845
56.400000000000006,25.201681469677343,3.8615790011876534
56.45,26.11218834135309,3.94434497896402
56.5,27.0433488658738,4.042823918470427
56.550000000000004,27.992747768835876,4.158401976979734
56.6,28.957404619211367,4.292666772559352
56.650000000000006,29.933691669967967,4.447428139066034
56.7,30.9172444038045,4.6247392354525525
56.75,31.902865792416492,4.826916979685685
56.800000000000004,32.88442616661355,5.05656026529265
56.85,33.85476182094393,5.316563741001373
56.900000000000006,34.80557711567175,5.610124063494847
56.95,35.72735695806035,5.940734453334234
57.0,36.60929918162621,6.312162102703059
57.050000000000004,37.439279470769186,6.728401554545911
57.1,38.20386496019575,7.19359572474253
57.150000000000006,38.88839615523778,7.711915013078172
57.2,39.47715979404885,8.287384337549716
57.25,39.953676798642974,8.92364850401841
57.300000000000004,40.301128268018914,9.623668841347467
57.35,40.50293698141296,10.389349348422114
57.400000000000006,40.54351046317153,11.22109949202864
57.45,40.40913307882519,12.117353630388934
57.5,40.088968791326465,13.074083299724
57.550000000000004,39.57610504522777,14.084356373761276
57.6,38.868536480053066,15.138012732596481
57.650000000000006,37.96996239055739,16.2215343385561
57.7,36.890263396048596,17.318182752731662
57.75,35.645539145664294,18.40845478909471
57.800000000000004,34.25763404046983,19.470866704576046
57.85,32.75314797890118,20.48302432701168
57.900000000000006,31.162011106702195,21.422881876937694
57.95,29.51577613827109,22.270050151166316
58.0,27.845829332502518,23.006997803162054
58.050000000000004,26.181728842584803,23.620003704775733
58.1,24.54984589702749,24.099760584475423
58.150000000000006,22.972421007041035,24.441588927912225
58.2,21.467072310400454,24.645280308317044
58.25,20.046724805611337,24.71463730803498
58.300000000000004,18.71988067436674,24.65680502171731
58.35,17.491127117623922,24.481495603622005
58.400000000000006,16.361776855564255,24.200196616569674
58.45,15.330551008676064,23.825432889782796
58.5,14.394236687460207,23.37012705077718
58.550000000000004,13.548275668395712,22.847081058220567
58.6,12.787261679117726,22.26858289556288
58.650000000000006,12.105339989868808,21.64613007178992
58.7,11.496513870429101,20.990254338403783
58.75,10.95486870490213,20.31042899310519
58.800000000000004,10.474727271617029,19.615040031553296
58.85,10.050750033395406,18.911404076506155
58.900000000000006,9.677993209229175,18.20581855986394
58.95,9.351935629608388,17.50363243595952
59.0,9.068483394192432,16.80932838234699
59.050000000000004,8.82395943956998,16.12660979727925
59.1,8.615083434747376,15.458487854164522
59.150000000000006,8.438946009606221,14.807365420974115
59.2,8.29298018925214,14.175115835672566
59.25,8.174932028640985,13.563155403352628
59.300000000000004,8.08283177876854,12.972509106244269
59.35,8.014966427463188,12.403869449190498
59.400000000000006,7.969854106811627,11.857648647903615
59.45,7.946220613112478,11.334024544075868
59.5,7.942978117470466,10.832980730771668
59.550000000000004,7.959206034723834,10.354341416885541
59.6,7.994133949160462,9.89780156832299
59.650000000000006,8.047126455217098,9.462952848769763
59.7,8.117669751026838,9.04930585365158
59.75,8.205359815689215,8.656309093603655
59.800000000000004,8.30989200275126,8.28336514288943
59.85,8.431051889260127,7.929844326674245
59.900000000000006,8.568707229550427,7.595096280756785
59.95,8.722800874072824,7.278459679428309
60.0,8.893344524992491,6.979270392191483
60.050000000000004,9.08041321129653,6.696868298404321
60.1,9.284140376315488,6.430602960569859
60.150000000000006,9.504713479627808,6.179838331875288
60.2,9.742370023134935,5.943956651517633
60.25,9.997393917599478,5.722361662115071
60.300000000000004,10.270112111103144,5.514481266855299
60.35,10.5608914047008,5.319769729737238
60.400000000000006,10.870135383025197,5.137709510094357
60.45,11.19828138873315,4.967812812340151
60.5,11.545797469467924,4.80962292336435
60.550000000000004,11.913179224417233,4.662715403072005
60.6,12.300946474525597,4.526699188060679
60.650000000000006,12.709639675904532,4.40121766426174
60.7,13.139815989880114,4.285949761441016
60.75,13.59204491530418,4.1806111206944605
60.800000000000004,14.066903379083916,4.084955385437928
60.85,14.564970169178155,3.998775666846259
60.900000000000006,15.086819580362818,3.921906236229574
60.95,15.633014126653443,3.8542244994383164
61.0,16.20409615514057,3.7956533120628224
61.050000000000004,16.800578173884546,3.7461636989348577
61.1,17.42293168117522,3.7057780472310933
61.150000000000006,18.071574254662764,3.6745738492761166
61.2,18.746854626446996,3.652688078848043
61.25,19.449035434130742,3.640322293222787
61.300000000000004,20.178273298251824,3.6377485620455325
61.35,20.93459583387124,3.6453163328918805
61.400000000000006,21.71787515934359,3.663460351302267
61.45,22.527797420052828,3.69270975897265
61.5,23.36382780178243,3.7336984959385893
61.550000000000004,24.225170471439437,3.7871771285063454
61.6,25.110722858073736,3.8540262108212704
61.650000000000006,26.019023683238938,3.9352712593670858
61.7,26.948194179083856,4.032099369542783
61.75,27.895872012310832,4.145877422543233
61.800000000000004,28.859137585663262,4.278171706828177
61.85,29.834432647054722,4.430768595597589
61.900000000000006,30.817471540316188,4.605695659806402
61.95,31.80314603190336,4.805242230864405
62.0,32.785425506787405,5.031977929921608
62.050000000000004,33.75725551547761,5.28876702117433
62.1,34.71045924819184,5.578775596740317
62.150000000000006,35.635648580281526,5.905467542083825
62.2,36.5221539170905,6.272583968485681
62.25,37.357985149297626,6.684099380590942
62.300000000000004,38.129839486931346,7.144146392272662
62.35,38.82317547470722,7.656899540654679
62.400000000000006,39.42237555635997,8.226408051723649
62.45,39.91102128014075,8.856367836556856
62.5,40.27230438694035,9.54982528055469
62.550000000000004,40.48959204815304,10.308810382174102
62.6,40.54715377232995,11.133905301221791
62.650000000000006,40.431039673421886,12.02376681786867
62.7,40.13007464056499,12.974637179229319
62.75,39.63690216260039,13.979895566384323
62.800000000000004,38.94897955399648,15.029718474746048
62.85,38.069400426632185,16.110926573322246
62.900000000000006,37.007409715407825,17.20709231383268
62.95,35.778490130500224,18.29896209868775
63.0,34.40394117515105,19.365208201957966
63.050000000000004,32.90993981983434,20.383473508905706
63.1,31.326153500081205,21.331617034117635
63.150000000000006,29.68405238765425,22.189024175865278
63.2,28.01511889146588,22.937825768004508
63.25,26.34916428118143,23.563881070472593
63.300000000000004,24.712932884859576,24.057419626842602
63.35,23.12911332914166,24.413294700644126
63.400000000000006,21.61580150994295,24.63086172749909
63.45,20.18639022445303,24.71354492393985
63.5,18.84980946931812,24.66818522806842
63.550000000000004,17.611015129506747,24.50427126141404
63.6,16.471620486276077,24.233145745998577
63.650000000000006,15.430578294065382,23.867259479113507
63.7,14.484843305055422,23.41952050774984
63.75,13.629969262812416,22.902762961544184
63.800000000000004,12.860615954682638,22.329341289529513
63.85,12.17095862876789,21.710842560080014
63.900000000000006,11.555003461993397,21.05790175400239
63.95,11.00681942039914,20.380101574629098
64.0,10.520699870273065,19.685937949009908
64.05,10.091267829631608,18.98283392790087
64.10000000000001,9.713537781449652,18.27718718228963
64.15,9.382945246053849,17.57443909196937
64.2,9.095353332426841,16.879156123874374
64.25,8.847043561213164,16.195116588866867
64.3,8.634696535968857,15.525397858460245
64.35000000000001,8.455366597901087,14.872460710181688
64.4,8.306453439543148,14.238228687889363
64.45,8.185672750218936,13.624161266481632
64.5,8.091027283100438,13.031320258531462
64.55,8.020779229497785,12.460429349155046
64.60000000000001,7.973424422685723,11.911926943091766
64.65,7.947668638120357,11.386012694144238
64.7,7.942406082227141,10.882688193142972
64.75,7.9567000465230695,10.401792340539009
64.8,7.989765631044123,9.943031941642225
64.85000000000001,8.04095439831244,9.50600804965614
64.9,8.109740797066168,9.090238553528748
64.95,8.195710186875925,8.695177470937855
65.0,8.298548295686812,8.320231366058785
65.05,8.418031948785176,7.9647732701942004
65.10000000000001,8.554020917277954,7.628154442856042
65.15,8.706450745235852,7.309714272681286
65.2,8.875326426081989,7.008788582304488
65.25,9.060716809883125,6.724716569307188
65.3,9.262749633466196,6.4568465866854945
65.35000000000001,9.481607074466229,6.2045409408404595
65.4,9.717521738360778,5.96717986272998
65.45,9.970772994185443,5.744164788307313
65.5,10.241683579925494,5.534921067472253
65.55,10.53061640253434,5.338900206238222
65.60000000000001,10.837971460143404,5.155581734444932
65.65,11.164182815300446,4.984474780912868
65.7,11.509715547995075,4.8251194292558335
65.75,11.87506261577633,4.677087920478448
65.8,12.260741545393557,4.539985762848314
65.85000000000001,12.66729087603176,4.413452805233284
65.9,13.09526626827452,4.297164327041619
65.95,13.545236185293676,4.19083219602707
66.0,14.017777043289229,4.094206144472323
66.05,14.513467716711279,4.007075214610708
66.10000000000001,15.032883270086836,3.929269425570084
66.15,15.576587772120764,3.860661716618131
66.2,16.14512602889489,3.801170225054121
66.25,16.73901405119332,3.750760961726253
66.3,17.35872804597919,3.709450952841203
66.35000000000001,18.004691693607732,3.677311923431766
66.4,18.677261440312652,3.6544746054685167
66.45,19.376709499788902,3.641133761972215
66.5,20.103204218444482,3.63755402731258
66.55,20.856787416532196,3.6440766726907508
66.60000000000001,21.63734827277474,3.661127413855703
66.65,22.44459327480355,3.689225384276658
66.7,23.278011714246233,3.728993399625448
66.75,24.13683616748835,3.7811696361119225
66.8,25.019997376780385,3.84662083254091
66.85000000000001,25.926072939858354,3.9263570991293526
66.9,26.853229241533604,4.021548368532142
66.95,27.79915613440302,4.13354244722206
67.0,28.76099402061239,4.263884506441429
67.05,29.73525323275753,4.414337675883761
67.10000000000001,30.71772599900807,4.586904150420905
67.15,31.70339185536494,4.783845866518288
67.2,32.68631819755328,5.007703322457545
67.25,33.659558816951964,5.261310474812031
67.3,34.61505481462582,5.547802814094069
67.35000000000001,35.54354430505742,5.870614685355696
67.4,36.434489852473256,6.233460676422563
67.45,37.27603561843819,6.640294489790216
67.5,38.05500962867954,7.095237254856116
67.55,38.75699011380394,7.602465940070545
67.60000000000001,39.36645802484096,8.16605174867025
67.65,39.86705973487271,8.789738662970473
67.7,40.2420034142672,9.476654359672036
67.75,40.474608086254996,10.228950399048955
67.8,40.54901427602868,11.047376710212376
67.85000000000001,40.45104809263583,11.930807437362512
67.9,40.16920613450111,12.87575088309443
67.95,39.69569824210105,13.875893988663755
68.0,39.02745295065274,14.921748231710493
68.05,38.166963571871506,16.000474045144028
68.10000000000001,37.12284030913469,17.09595908634254
68.15,35.90994462568936,18.18920708673378
68.2,34.54902143419851,19.259057127810294
68.25,33.065810428674766,20.283202039048202
68.3,31.489698858982347,21.23941919652473
68.35000000000001,29.852055815758153,22.106881222136575
68.4,28.184442444616366,22.86739129676525
68.45,26.516908720995076,23.50639568679635
68.5,24.876561900751113,24.013663334064734
68.55,23.28653324618464,24.383578975855592
68.60000000000001,21.765395349435405,24.615057383707747
68.65,20.327011361315094,24.711137633708553
68.7,18.98074419659448,24.678348542547734
68.75,17.73192497907739,24.525947000945724
68.8,16.582474604499833,24.26512320128811
68.85000000000001,15.53158429293455,23.908247216365968
68.9,14.576382579319235,23.468207063016276
68.95,13.712540378881439,22.95786488907035
69.0,12.934787732553477,22.389638673296837
69.05,12.237333091361023,21.77520316630989
69.10000000000001,11.614187904766888,21.12529556774211
69.15,11.059406365536782,20.44960764815137
69.2,10.567253495764453,19.756745421564577
69.25,10.132315492668027,19.05423886431496
69.3,9.749565398375024,18.348586603072064
69.35000000000001,9.414395483853403,17.64532328360457
69.4,9.122625768432652,16.949100056151867
69.45,8.870496154991821,16.26377104144374
69.5,8.654647919125924,15.5924806758544
69.55,8.472098820454002,14.93774846131967
69.60000000000001,8.320214916685446,14.30154889834911
69.65,8.196681234019568,13.68538531271425
69.7,8.099472744031125,13.090356957673176
69.75,8.026826576720792,12.517219240214807
69.8,7.977216023409346,11.96643723082746
69.85000000000001,7.949326618111878,11.43823281219953
69.9,7.942034404244661,10.932625935184452
69.95,7.954386372931514,10.449470505066646
70.0,7.985582982701736,9.98848543625575
70.05,8.03496262506451,9.549281402691244
70.10000000000001,8.101987876681543,9.131383784308337
70.15,8.18623336960269,8.734252273843351
70.2,8.287375111210036,8.357297567826679
70.25,8.405181091539651,7.999895524028748
70.3,8.539503025008237,7.661399126960065
70.35000000000001,8.690269084543992,7.341148564549265
70.4,8.857477497552564,7.038479683546863
70.45,9.041190884284697,6.752731058863611
70.5,9.241531229534719,6.483249883038737
70.55,9.45867538790047,6.22939685627515
70.60000000000001,9.692851030913738,5.9905502348112245
70.65,9.944332951124164,5.766109175607077
70.7,10.213439643656212,5.55549649817036
70.75,10.500530089850495,5.3581609695938495
70.8,10.806000670350366,5.173579206295692
70.85000000000001,11.130282136403176,5.001257275332258
70.9,11.473836568204879,4.840732069303807
70.95,11.837154247803797,4.691572521629447
71.0,12.220750371352043,4.553380723189292
71.05,12.625161521287295,4.425792996901486
71.10000000000001,13.050941813254248,4.3084809836264055
71.15,13.498658625119038,4.201152790798034
71.2,13.968887806148068,4.103554254321515
71.25,14.462208253143965,4.015470364512472
71.3,14.979195726856773,3.936726908169047
71.35000000000001,15.520415766093437,3.8671923812545312
71.4,16.08641553838761,3.8067802301259186
71.45,16.67771444460643,3.755451483769915
71.5,17.294793270203964,3.7132178450901745
71.55,17.938081647747786,3.680145315889391
71.60000000000001,18.60794356366759,3.656358437722848
71.65,19.30466060682999,3.6420452391056526
71.7,20.028412617637926,3.6374629883564022
71.75,20.77925535427549,3.642944860201986
71.8,21.557094748291036,3.6589076324416134
71.85000000000001,22.36165727639368,3.6858605353954776
71.9,23.192455931520417,3.724415379948783
71.95,24.04875123762119,3.775298087428841
72.0,24.92950672476271,3.8393617330183853
72.05,25.83333827216371,3.917601189277934
72.10000000000001,26.758456748174677,4.011169411225415
72.15,27.702603444090705,4.121395330614134
72.2,28.662977935031904,4.249803212977544
72.25,29.636158235383007,4.398133161556095
72.3,30.618013486932096,4.56836220817415
72.35000000000001,31.603609973760783,4.762725088887742
72.4,32.58711205896496,4.9837333341091865
72.45,33.56168075414083,5.2341906787318395
72.5,34.519374138566995,5.5172019883991545
72.55,35.45105581248065,5.836171882356167
72.60000000000001,36.34632004731253,6.194788010014831
72.65,37.19344528334887,6.596982544632039
72.7,37.979391023961064,7.04686399575051
72.75,38.68985672924306,7.548610114916896
72.8,39.309424530896074,8.1063118192521
72.85000000000001,39.82180967404595,8.723758201887424
72.9,40.21024237914102,9.404154538688697
72.95,40.45800081254449,10.149769576017567
73.0,40.54910540077904,10.961516124728034
73.05,40.469168397005795,11.838480627362074
73.10000000000001,40.20636887848382,12.777432716148448
73.15,39.75249344778647,13.772363397273084
73.2,39.10395064867848,14.8141172665838
73.25,38.26263925795716,15.890195274856504
73.3,37.23653619639331,16.984804254625008
73.35000000000001,36.039877924139816,18.079212667440753
73.4,34.69284559704484,19.15243691793329
73.45,33.22072769777967,20.182232512733727
73.5,31.652614043620108,21.146308761017433
73.55,30.019754111965277,22.02363829958982
73.60000000000001,28.353770163958895,22.79570713039558
73.65,26.684936097162886,23.447555537018715
73.7,25.04071146032131,23.968494854668528
73.75,23.444664198061687,24.352440360761424
73.8,21.915842119153307,24.597861921503657
73.85000000000001,20.468580963001475,24.707406877062493
73.9,19.112681458768197,24.687284031901534
73.95,17.85385642373522,24.546510333473883
74.0,16.694341408116383,24.29611567760016
74.05,15.633572977238632,23.94838260413285
74.10000000000001,14.668859674404413,23.516173519009552
74.15,13.795994891743016,23.012374306003636
74.2,13.00978321963436,22.449463420816066
74.25,12.304469631037142,21.839201320404122
74.3,11.674073294343358,21.19242633398564
74.35000000000001,11.112635340201654,20.518938901367218
74.4,10.614393566471664,19.827455236515846
74.45,10.173898012957949,19.125612710379794
74.5,9.786080604764619,18.420011604507163
74.55,9.446290444324594,17.71628066220533
74.60000000000001,9.15030437565138,17.01915660813019
74.65,8.894320490307091,16.33257027158723
74.7,8.67494047800328,15.659734024817576
74.75,8.489145225839508,15.003226914967273
74.8,8.334266854650375,14.365075156798717
74.85000000000001,8.207959429052462,13.746826615196415
74.9,8.108169853566604,13.14961860156253
74.95,8.033109930010959,12.574238793171862
75.0,7.9812301623511175,12.021179409345205
75.05,7.951195620274907,11.490684984263526
75.10000000000001,7.941863983639372,10.982794196331009
75.15,7.952265764009452,10.497376273655114
75.2,7.981586619218182,10.03416251361785
75.25,8.029151628902449,9.592773445789181
75.3,8.094411373381963,9.172742141772904
75.35000000000001,8.17692964778254,8.773534140179661
75.4,8.276372642714641,8.394564414764494
75.45,8.39249942837999,8.035211772190223
75.5,8.525153588088878,7.694831025051647
75.55,8.674255858039988,7.372763247056794
75.60000000000001,8.839797641639517,7.068344381371107
75.65,9.02183527782765,6.780912440456457
75.7,9.22048495333694,6.50981350638776
75.75,9.435918158225128,6.254406714548422
75.8,9.668357592231938,6.014068380634677
75.85000000000001,9.918073436417567,5.7881954108265665
75.9,10.185379910113118,5.57620811757421
75.95,10.470632037441165,5.377552548462873
76.0,10.774222550549895,5.19170242282904
76.05,11.096578858248808,5.018160759989248
76.10000000000001,11.438160008930547,4.8564612739222985
76.15,11.799453575491075,4.706169601845947
76.2,12.180972387378882,4.566884428207945
76.25,12.583251030851374,4.438238561049187
76.3,13.006842032906782,4.319900014397941
76.35000000000001,13.452311637080248,4.211573148244659
76.4,13.920235070203129,4.112999916673198
76.45,14.41119118815661,4.023961274850787
76.5,14.925756375408247,3.9442787967856954
76.55,15.464497557480948,3.8738165580400996
76.60000000000001,16.027964167224496,3.812483340934691
76.65,16.616678884582203,3.760235224199873
76.7,17.23112694521181,3.717078624504878
76.75,17.871743785591793,3.6830738637958316
76.80000000000001,18.53890076093614,3.658339343818046
76.85000000000001,19.232888637266086,3.643056417435484
76.9,19.953898520430116,3.637475055127913
76.95,20.701999843078493,3.641920413911258
77.0,21.477114986354543,3.6568004242096195
77.05000000000001,22.27899006774701,3.6826145168740667
77.10000000000001,23.107161382434843,3.7199636160585055
77.15,23.96091694610159,3.7695615217941967
77.2,24.8392525579407,3.8322477956628282
77.25,25.740821791216213,3.9090022394721133
77.30000000000001,26.663879336421033,4.0009610140902625
77.35000000000001,27.606217184354332,4.109434375166311
77.4,28.565093264650283,4.235925893091413
77.45,29.537152378046088,4.382152861512525
77.5,30.518339615473856,4.550067363215892
77.55000000000001,31.50380699167389,4.741877131091508
77.60000000000001,32.48781479420769,4.960064887870978
77.65,33.46363022934029,5.207404241335404
77.7,34.42342740933498,5.486969422231931
77.75,35.358194643638505,5.802135157834136
77.80000000000001,36.257657422089224,6.156561770928767
77.85000000000001,37.110228416755,6.554159214216619
77.9,37.90299919450576,6.999022288016646
77.95,38.62179188816965,7.49532793546149
78.0,39.25129235769228,8.047184590703063
78.05000000000001,39.775288618166385,8.658423570439075
78.10000000000001,40.177038394797385,9.332324131125892
78.15,40.43978611926645,10.071267893237064
78.2,40.5474408530462,10.876325701363305
78.25,40.48541103818725,11.746791228250562
78.30000000000001,40.24156897668582,12.679690646612729
78.35000000000001,39.807288533711706,13.669315192564618
78.4,39.1784672768159,14.706840493423728
78.45,38.356415582139974,15.780108474830104
78.5,37.3484790234497,16.87364877078025
78.55000000000001,36.168265851208346,17.969001631370773
78.60000000000001,34.83538483134425,19.04537101622513
78.65,33.374659729083746,20.080587673877254
78.7,31.81486593186314,21.052306405493976
78.75,30.187114801011376,21.939312807165937
78.80000000000001,28.523071904222505,22.722786471422488
78.85000000000001,26.85321991816198,23.387369096493416
78.9,25.205359591803813,23.921917819027165
78.95,23.60348912289963,24.319877900001327
79.0,22.067129631554213,24.57927035424471
79.05000000000001,20.61109134975308,24.702344380711367
79.10000000000001,19.245617498945915,24.69498096496104
79.15,17.976808934294912,24.565948892245522
79.2,16.807222879423023,24.32610992204595
79.25,15.736548167434625,23.98765213968542
79.30000000000001,14.762279657451344,23.56340662901216
79.35000000000001,13.880338623549257,23.06627859725096
79.4,13.08560860378266,22.5088038056702
79.45,12.372374507100467,21.902826340944795
79.5,11.734665749647098,21.259284491853425
79.55000000000001,11.166512178970772,20.58808690804583
79.60000000000001,10.662125542158211,19.898060072177145
79.65,10.216020425565748,19.19694918901659
79.7,9.823087990742415,18.49145687578954
79.75,9.478634273211668,17.787306795210135
79.80000000000001,9.17839286992036,17.08932213411956
79.85000000000001,8.918519876275958,16.401511330198552
79.9,8.695577143091734,15.727155566583878
79.95,8.506508396221257,15.068894262251378
80.0,8.348611517923414,14.428806110600144
